Top AI Tools Used,Year,AI Adoption Rate (%),AI-Generated Content Volume (TBs per year),Job Loss Due to AI (%),Revenue Increase Due to AI (%),Human-AI Collaboration Rate (%),Consumer Trust in AI (%),Market Share of AI Companies (%)
Bard,2022.2916666666667,46.89041666666666,50.739583333333336,27.209999999999997,38.128750000000004,50.379583333333336,64.315,23.852500000000003
ChatGPT,2021.8387096774193,60.001290322580644,38.950645161290325,22.229032258064517,42.22451612903226,58.167419354838714,59.23516129032258,26.010967741935485
Claude,2022.3870967741937,54.80129032258064,39.27516129032258,23.02258064516129,37.210967741935484,50.729677419354836,60.14677419354839,27.468709677419355
DALL-E,2022.6153846153845,56.68653846153846,51.799615384615386,26.18307692307692,39.19538461538462,58.22538461538462,55.689230769230775,26.628846153846155
Midjourney,2022.1081081081081,53.758648648648645,47.59891891891892,26.855135135135136,36.73756756756757,50.950540540540544,62.785405405405406,26.87135135135135
Stable Diffusion,2022.8148148148148,55.18888888888888,47.13851851851852,25.971111111111114,41.41407407407408,54.330740740740744,52.44888888888889,29.191851851851855
Synthesia,2022.2916666666667,50.6625,49.62833333333333,30.25791666666667,44.572916666666664,57.06458333333333,60.56375,25.36708333333333
